<?xml version="1.0" encoding="UTF-8"?>
<assembly
	xmlns="http://maven.apache.org/plugins/maven-assembly-plugin/assembly/1.1.2"
	xmlns:xsi="http://www.w3.org/2001/XMLSchema-instance"
	xsi:schemaLocation="http://maven.apache.org/plugins/maven-assembly-plugin/assembly/1.1.2 http://maven.apache.org/xsd/assembly-1.1.2.xsd">
	<id>webapp</id>
	<formats>
		<format>zip</format>
	</formats>
	<fileSets>
		<fileSet>
			<directory>target/appassembler</directory>
			<outputDirectory>/</outputDirectory>
			<fileMode>0755</fileMode>
			<directoryMode>0755</directoryMode>
		</fileSet>
		<fileSet>
			<directory>src/main/jetty-resources</directory>
			<includes>
				<include>work</include>
			</includes>
			<outputDirectory>/</outputDirectory>
			<directoryMode>0755</directoryMode>
		</fileSet>
		<fileSet>
			<directory>../config</directory>
			<includes>
				<include>webapp.properties</include>
			</includes>
			<outputDirectory>/</outputDirectory>
			<directoryMode>0755</directoryMode>
		</fileSet>
		<fileSet>
			<directory>${project.build.directory}</directory>
			<includes>
				<include>webapp-*.war</include>
			</includes>
			<outputDirectory>/</outputDirectory>
			<directoryMode>0755</directoryMode>
		</fileSet>
		<fileSet>
			<directory>${project.build.directory}/classes</directory>
			<includes>
				<include>logback.xml</include>
				<include>no/bekk/bekkopen/cde/jetty/**/*.class</include>
			</includes>
			<outputDirectory>/</outputDirectory>
			<directoryMode>0755</directoryMode>
		</fileSet>
	</fileSets>
</assembly>
