<?xml version="1.0" encoding="UTF-8" standalone="no"?>
<beans xmlns="http://www.springframework.org/schema/beans"
	xmlns:p="http://www.springframework.org/schema/p"
    xmlns:tx="http://www.springframework.org/schema/tx"
	xmlns:context="http://www.springframework.org/schema/context"
	xmlns:xsi="http://www.w3.org/2001/XMLSchema-instance"
	xsi:schemaLocation="http://www.springframework.org/schema/beans http://www.springframework.org/schema/beans/spring-beans-3.0.xsd
	http://www.springframework.org/schema/tx http://www.springframework.org/schema/tx/spring-tx-3.0.xsd
	http://www.springframework.org/schema/context http://www.springframework.org/schema/context/spring-context-3.0.xsd">

    <tx:annotation-driven mode="proxy" transaction-manager="transactionManager" />

	<bean id="jdbcTemplate" class="org.springframework.jdbc.core.JdbcTemplate"
		p:dataSource-ref="dataSource" />

	<bean id="dataSource" class="org.apache.commons.dbcp.BasicDataSource"
		p:driverClassName="${jdbc.driverClassName}" p:url="${jdbc.uri}"
		p:username="${jdbc.user}" p:password="${jdbc.password}" p:initialSize="5"
		p:maxActive="10">
	</bean>

	<bean id="entityManagerFactory" class="org.springframework.orm.jpa.LocalContainerEntityManagerFactoryBean"
		p:dataSource-ref="dataSource" p:persistenceUnitName="${persistenceUnit}" />



	<context:component-scan base-package="no.bekk.bekkopen.cde.dao">
		<context:include-filter type="annotation" expression="org.springframework.stereotype.Repository" />
	</context:component-scan>

	<bean id="transactionManager" class="org.springframework.orm.jpa.JpaTransactionManager" p:entityManagerFactory-ref="entityManagerFactory" />


	<context:spring-configured />
	<context:annotation-config />
</beans>